cond,item,layer,ent,log_T,log_I,log_F
agree,0,18,0.29569517314156485,-2.2789972618349537,-4.46300484278469,-3.6897816574086235
agree,0,19,0.3144454213159863,-1.1787374176843477,-4.331932163452528,-2.5864263025959184
agree,0,20,0.30813357705982536,-0.9035703337001922,-4.282451505588278,-2.9365244849133743
agree,0,21,0.27194266316293886,-1.4229783754957002,-4.401107211443052,-3.3956041873675185
agree,0,22,0.12566047615145112,-1.4445763723544596,-4.522216982114877,-3.072347900779834
agree,0,23,0.18572308558001124,-0.6300506124524772,-4.740498605498548,-2.933717682631852
agree,0,24,0.15893417489546316,-0.17968666081084253,-4.959431676762256,-2.983088162414327
agree,0,25,0.20732419076726494,-0.3620576954240196,-5.091242528682199,-3.0131613744239063
agree,0,26,0.2066368106412747,-0.28303035958308914,-4.857864940415188,-2.756497452126159
agree,0,27,0.07869183916421478,-1.1524914193806095,-5.1115218269778175,-2.9758738284313906
agree,0,28,0.02833365909165612,-2.4387188083562803,-4.894963103690687,-3.945543887659095
agree,0,29,0.00982448516990588,-3.6756709878990677,-5.104024485247431,-4.913306621473239
agree,0,30,0.02537353426080644,-3.695403980507879,-4.60311202240231,-4.789769506539536
agree,1,18,0.28471636041642334,-2.4393622230207805,-4.793421739687661,-3.4865818278913414
agree,1,19,0.31240585134226423,-0.9765521607144358,-4.577226208072131,-1.9136739288749687
agree,1,20,0.30470876771786454,-0.9571346109688829,-4.480861071048376,-1.8855832644614412
agree,1,21,0.2628809337449252,-1.4635502453517626,-4.494210845241024,-1.914760839043574
agree,1,22,0.16815647853724047,-0.7241751389168114,-5.215662805861773,-1.147011457417547
agree,1,23,0.17601794610074686,-0.15842901377318713,-5.988249778537023,-0.9065417386662539
agree,1,24,0.21498189133935322,-0.26375483683495027,-5.743387826827657,-0.9213134673128256
agree,1,25,0.22855422776085968,-0.34571541721561594,-6.143908151363738,-0.5874657900537299
agree,1,26,0.20883182083949473,-0.19696020607661954,-6.4389363011383285,-0.6843762786418812
agree,1,27,0.21202904527194852,-0.4679617308237299,-5.744908476953669,-0.7917084196452457
agree,1,28,0.08645899468139653,-1.1848762558244215,-5.271602853289216,-1.5723461688644824
agree,1,29,0.013034989027329628,-2.733169552399923,-5.422358365847155,-3.0019423762980395
agree,1,30,0.018997632568012568,-3.779987521869852,-4.999799715048159,-3.784056014704565
agree,2,18,0.23251222451815298,-3.453676498095579,-4.483252909432317,-4.386158627912134
agree,2,19,0.17578168617191983,-3.137474774349086,-4.876892898371876,-4.196620612299703
agree,2,20,0.2836972375715237,-1.6213313689833668,-4.017956978732354,-3.2274802693925118
agree,2,21,0.20979772282471626,-2.371134606178086,-4.131091882293464,-3.535326654035296
agree,2,22,0.0558737122538228,-2.234673250131719,-4.527512149395034,-3.160772863784639
agree,2,23,0.07153148397520193,-1.798984439018922,-4.502350811433397,-3.162584435115786
agree,2,24,0.1079233243704548,-1.6461990874393189,-4.621122441467514,-2.991829851796677
agree,2,25,0.08293565093857484,-1.5160930787533795,-4.883320179358439,-3.054725913954935
agree,2,26,0.1020206838464239,-1.058608366728449,-4.836817226745586,-2.8714322762595907
agree,2,27,0.024407329993385126,-2.246812540023403,-5.532410571384431,-3.5717678185331634
agree,2,28,0.025224768235353925,-2.904802611151113,-5.358434801901413,-4.12112485424114
agree,2,29,0.012461023503343192,-3.834208547932219,-5.4838622432097495,-4.929111456741801
agree,2,30,0.05779802634309412,-3.5674505414280695,-4.652373349652826,-4.459402202417267
agree,3,18,0.2481336695961294,-2.8917041542077837,-5.54135003775104,-4.515516815220332
agree,3,19,0.29904812568632594,-1.4878558325719329,-5.080237375995023,-3.2286729039032007
agree,3,20,0.20352268982310368,-1.8036420367768264,-5.871419777605568,-3.897002404080802
agree,3,21,0.1970060421794112,-2.0831524516759354,-5.785015422770496,-3.7808055172998323
agree,3,22,0.1779813409601298,-0.8807282028630274,-5.580519508674788,-3.014776421342855
agree,3,23,0.11750207150517894,-0.040960557948729194,-6.803245818029969,-3.88138458758783
agree,3,24,0.14870757463096484,-0.06841949030157543,-6.455807624242704,-3.5986471129670314
agree,3,25,0.14913115356103895,-0.05706736796288084,-6.849283816832095,-3.5514869811630305
agree,3,26,0.1270740820651656,-0.024166148590621925,-7.347428769267451,-3.604466282523663
agree,3,27,0.16325739572388676,-0.19673118355681257,-6.239972494772056,-3.3011674139956395
agree,3,28,0.1519537687797795,-0.8934509584822736,-5.701441486371968,-3.847795852091407
agree,3,29,0.04525732149180113,-1.999605427942604,-5.651568171204422,-4.669312215709003
agree,3,30,0.02045406659148963,-3.294909861365879,-5.2209301993916295,-5.372931297123479
agree,4,18,0.1767939380944377,-3.0505559319420463,-6.113903501633521,-5.086561126990309
agree,4,19,0.25607866300937215,-0.9721102229497613,-4.913498215498073,-3.04031754162739
agree,4,20,0.2146011309227814,-1.307659148837029,-5.549978867005726,-3.657953764534314
agree,4,21,0.20764639480342642,-1.8900058157481034,-5.831484004083412,-3.633761954363602
agree,4,22,0.1493895040810991,-1.0133869001607236,-6.180150175682608,-2.7743474804396246
agree,4,23,0.08847205018788264,-0.026042908854012586,-7.9065960757780065,-4.191002493602968
agree,4,24,0.1168678066800034,-0.04278828656224988,-7.283811939826727,-3.8016485419124395
agree,4,25,0.13832026579505846,-0.06647636856519397,-7.281361410956207,-3.639026541548926
agree,4,26,0.11180180651482119,-0.02269560087408548,-7.976494352258725,-3.777978869411338
agree,4,27,0.13726797827452816,-0.09501544158327452,-6.750433712408167,-3.493616418836123
agree,4,28,0.13461555273238174,-0.4998273564801015,-6.007575316796347,-3.6560542403378635
agree,4,29,0.023690501343569238,-1.922500376360187,-6.093530223553376,-4.6767751213989825
agree,4,30,0.013121973129375176,-3.1619115914144675,-5.68855221595648,-5.323023307679403
agree,5,18,0.19439850794299396,-2.2198853514417993,-4.384597320005658,-4.472120012798825
agree,5,19,0.14849547808559788,-1.4025282302320607,-4.739120387356558,-4.43759674015582
agree,5,20,0.20525556331732484,-0.2762640408032041,-4.087888162103827,-3.753213204671621
agree,5,21,0.28699148019570947,-0.5664055533187597,-3.7940455105231936,-3.255815361379893
agree,5,22,0.24997317673491296,-0.7184851978748356,-3.932996428750743,-2.6736783368652564
agree,5,23,0.25146098093334274,-0.3169631987609695,-4.524617216955266,-3.4011627927095467
agree,5,24,0.2573628921415901,-0.46546006424649633,-4.75802376735793,-3.3387684895136847
agree,5,25,0.2649691567584179,-0.5225569121386119,-4.805682209386457,-3.604110044205142
agree,5,26,0.24505891263774912,-0.3086936879747397,-5.230642240525283,-3.588769919591995
agree,5,27,0.20217159394904718,-0.7875318232698161,-4.942269107920691,-3.498176255828195
agree,5,28,0.07798173509381097,-1.853437422759448,-5.128142670878613,-4.294752826315663
agree,5,29,0.027467860495856138,-3.1217264230444086,-5.524346304806789,-5.350678271788006
agree,5,30,0.03739605544976126,-3.7484776593269196,-5.235236470279626,-5.473394301095913
agree,6,18,0.25044391168814933,-2.8418429787630797,-5.629757645367838,-4.722096868779033
agree,6,19,0.2999003311793971,-0.9367225536814568,-4.552931534181378,-2.6085990812525512
agree,6,20,0.24890674432668605,-1.1998510031762704,-4.844685789036026,-3.0601235609247524
agree,6,21,0.21688594292498042,-2.1752322193434788,-5.397675339543742,-3.610072999113784
agree,6,22,0.24211685276693262,-1.673547901822577,-5.186155498576405,-2.4482678626030516
agree,6,23,0.23591711202371063,-0.4120256460084649,-5.715359672002868,-2.5965496848583682
agree,6,24,0.23019536100651927,-0.22814614862286342,-5.6594220543270115,-2.2343993244011564
agree,6,25,0.2239844886013379,-0.20945447148223817,-5.718109074677612,-2.132189274669065
agree,6,26,0.1746518032905246,-0.10364848906395949,-6.0243097813015645,-2.2166999025794905
agree,6,27,0.1906900331462758,-0.5215389544526896,-5.476899504712109,-2.094196818269058
agree,6,28,0.13737558114138185,-1.5842409124210637,-5.4171499392315425,-2.9789634777879614
agree,6,29,0.0396671424006522,-3.1039548328751736,-5.664832065606628,-4.201621424763272
agree,6,30,0.06785903833781688,-3.7872998097912447,-5.2545970906020045,-4.428493205922899
agree,7,18,0.23897760893927056,-2.788089512993908,-5.534264656645887,-4.339055664716405
agree,7,19,0.3181477736986268,-0.92064366420082,-4.932358379864252,-2.6897210506743328
agree,7,20,0.28108703557474035,-1.1296807215388451,-5.079303447345125,-3.0095248975086406
agree,7,21,0.2659931928885962,-1.5558887295178006,-5.157281546730542,-3.16139438091588
agree,7,22,0.19634077183717474,-0.608046605161444,-5.000238210943047,-2.439938002273344
agree,7,23,0.09360669240306077,-0.03777623934279634,-6.531105966885282,-3.466192869337722
agree,7,24,0.13831935415032903,-0.07559387395974797,-6.07464305408773,-3.1280051212350437
agree,7,25,0.15259577778702504,-0.09089559660080136,-6.2686897803053325,-3.1239744053606477
agree,7,26,0.09789547225323252,-0.02815907038045373,-6.814850793675249,-3.216490941726948
agree,7,27,0.1544652924317973,-0.13178892545142923,-5.557864572025668,-2.7864415522287125
agree,7,28,0.16362266777631856,-0.7130113903824105,-4.812527346496221,-3.0669636932935607
agree,7,29,0.042111211539887415,-2.200176828020532,-4.942188676991318,-4.192101767647227
agree,7,30,0.06538981500124463,-3.302723138700874,-4.536839555371141,-4.678122393445919
agree,8,18,0.25646523875969174,-2.007553398749645,-4.941634675512363,-4.3696272733756345
agree,8,19,0.2736225077226881,-0.733947315669139,-4.620840205276368,-3.268430439647462
agree,8,20,0.3121373863638376,-0.6358122314104844,-4.514310002194681,-3.348515138992754
agree,8,21,0.32372051398572776,-1.0818726750654428,-4.577535460514763,-3.373374342420784
agree,8,22,0.20507999013869693,-1.2354551155546363,-4.7377071436275475,-2.856295027028133
agree,8,23,0.23619490456715841,-0.6222825852276759,-5.197263052923647,-3.284879505781422
agree,8,24,0.2856259707386677,-0.4899780561282592,-5.04409372245334,-3.0543574928975175
agree,8,25,0.26700341040392833,-0.33979284804504134,-5.411424839872656,-3.01242258126654
agree,8,26,0.19750475982771096,-0.1275776148723922,-5.787559871138526,-2.9275506429695604
agree,8,27,0.14272703166573905,-0.7708730399678811,-5.442352154267887,-3.162068332298988
agree,8,28,0.07693908701676187,-1.8601902405980673,-5.265510309971525,-4.017734671943262
agree,8,29,0.020502407752800194,-3.424111341940632,-5.5473397200577805,-5.216201326067554
agree,8,30,0.057471859051424684,-3.748045816193987,-4.89475607742549,-5.0236079388440675
agree,9,18,0.28749207871103,-3.2980808697459096,-5.246742551101956,-3.44158947980969
agree,9,19,0.18561309324434042,-4.794994195431493,-6.342351138038821,-4.63009152391014
agree,9,20,0.06205558476034796,-4.699178716176052,-6.061172393448684,-4.527538605520541
agree,9,21,0.04709762991832055,-4.858592235595421,-6.117887125898586,-4.751118823899029
agree,9,22,0.035555624670922895,-5.995299160958724,-7.571550655589641,-5.657680294408922
agree,9,23,0.0282198282518614,-7.354743870951844,-8.65858593029742,-7.711154954668274
agree,9,24,0.02332945644380387,-7.609642050817183,-8.70687025501464,-7.986605513537188
agree,9,25,0.039146909936737896,-7.992699458782606,-9.125334692591712,-8.480394096252757
agree,9,26,0.0061169969887008265,-9.838876163502023,-10.920272505728109,-10.112961483790667
agree,9,27,0.01976040691265919,-8.08757895465811,-9.174994887755197,-8.393470833772541
agree,9,28,0.015015936646351704,-7.1001737393537985,-8.278694173848987,-7.574911446563358
agree,9,29,0.01317828398487302,-6.588621861795298,-7.37902218622674,-7.055015789882377
agree,9,30,0.016333613543879365,-5.770553569658011,-6.718716146082916,-6.046135715403754
agree,10,18,0.09086302561788885,-4.46024775563436,-6.363785081855254,-5.151669403589238
agree,10,19,0.09241832031507737,-4.879567162077809,-6.015063307784777,-5.401032735803953
agree,10,20,0.2790898043015051,-3.308453574688227,-4.015609644349992,-3.6342248181536494
agree,10,21,0.2351891589091306,-2.9786195505219886,-3.685787754693001,-2.877092891192742
agree,10,22,0.1953494973396941,-2.1647006689964177,-4.177480207928138,-1.533199742530055
agree,10,23,0.21069942582846532,-1.7896483813890558,-4.077949681177582,-1.7091008446138305
agree,10,24,0.09498326634823977,-2.4452328430142045,-5.024264085051746,-2.6115576031182353
agree,10,25,0.11502944149619672,-2.2795712175276712,-5.015672605395071,-2.1897584148708673
agree,10,26,0.038408374546101264,-2.9463241277676597,-5.730331217905493,-2.96240500770221
agree,10,27,0.007894898535360606,-4.238689239637092,-6.8365277686064525,-4.477368206491482
agree,10,28,0.03411689814678247,-3.6051438905101625,-5.632358694919946,-3.9490075002955853
agree,10,29,0.0731173763483882,-4.034771742452829,-5.152310641917898,-4.338715445248697
agree,10,30,0.10766635571187926,-3.7124259870776304,-4.795608176163155,-3.7050781471835115
agree,11,18,0.3284311262465972,-3.970891070200703,-4.513572231198329,-4.494900126264835
agree,11,19,0.2561152247611525,-4.3432417851096154,-4.549831897148392,-5.005085519661739
agree,11,20,0.33662928819933285,-4.086389163182536,-3.2743972166278406,-4.570505430102348
agree,11,21,0.2244888296581792,-4.1874052710990615,-3.5818573804002054,-4.850607571050631
agree,11,22,0.05422117385278504,-6.747736847033365,-5.769981519807262,-7.0150195078394955
agree,11,23,0.11332822606473754,-6.099457003942633,-4.831976179260047,-6.531807124203691
agree,11,24,0.12782596825295822,-5.457969405864368,-4.562687771249919,-6.101921043957848
agree,11,25,0.14223387025215867,-5.592843270047816,-4.646084653336381,-6.076316534907442
agree,11,26,0.1601315770643981,-5.6512189906051375,-4.651380715937312,-5.958716243371785
agree,11,27,0.0015872890788860543,-9.317142801851734,-8.74804014475665,-10.227963166984843
agree,11,28,0.0025154632167581023,-7.383452171052265,-6.827884224210381,-8.298778515904074
agree,11,29,0.0026729849300938927,-6.653344407623929,-5.965378333864069,-7.61971936221903
agree,11,30,0.012398278355307633,-5.289404027160909,-4.942797050492178,-6.119515932398842
agree,12,18,0.13953977774774712,-3.429559672031814,-4.775330747727572,-4.568470911222312
agree,12,19,0.13974649079108029,-4.011990251725871,-4.957933979686939,-5.430016765353214
agree,12,20,0.29648974349521545,-2.750839581457374,-3.1159703016184706,-4.365924374679133
agree,12,21,0.24172899111773155,-3.0338279872546465,-2.8553471437467812,-4.319346285893685
agree,12,22,0.1540187976321034,-3.1693011702702396,-3.517067938306407,-3.5683253805480035
agree,12,23,0.08810227748936551,-2.7907627101888814,-3.621620579518832,-3.313186989020287
agree,12,24,0.08666790526834066,-2.793312873859217,-3.542488151905558,-3.2589489289794593
agree,12,25,0.08908482898622455,-3.0713774701044643,-3.479100349368548,-3.3183906151343563
agree,12,26,0.04975889841434245,-3.821500520586969,-4.257636350860577,-4.031577417888978
agree,12,27,0.09058453254743845,-4.526993891894501,-4.636639782873335,-4.940378362938267
agree,12,28,0.0936998337056276,-4.856150091696136,-4.798142145736548,-5.308045944941133
agree,12,29,0.1247168470864086,-3.7661102213240856,-3.0368265533444716,-4.337583140985545
agree,12,30,0.13884008561977945,-3.6699698362023967,-2.8886378866652347,-4.110219142946011
agree,13,18,0.09062716873199485,-4.165367009071541,-5.922201554422636,-5.230684531101724
agree,13,19,0.19279318794081052,-4.0983786172868335,-5.77110856444353,-5.207421781726551
agree,13,20,0.12486405371956077,-3.8889205318067765,-5.946778454385069,-4.694291875295015
agree,13,21,0.16456160427006963,-3.338675905212822,-5.582571177194878,-4.144653542154801
agree,13,22,0.39532324059746954,-3.8952525412166352,-4.528855781919369,-3.935061492993499
agree,13,23,0.5397408550382445,-3.218185038857508,-4.113596951839284,-3.469477580614713
agree,13,24,0.5083720619470272,-2.665734683689419,-4.083329221895271,-3.4683996483340462
agree,13,25,0.5085277900593346,-2.6874435159852625,-3.908034364073829,-3.3552967921989216
agree,13,26,0.03940025840611157,-4.8328118437977965,-6.331596607141506,-5.4696586788171935
agree,13,27,0.058367799500857714,-4.197122353930284,-5.553324010396529,-4.858222351498987
agree,13,28,0.25504865800528126,-2.54761761310224,-3.612680921347698,-3.792078829166606
agree,13,29,0.1518360226657784,-3.0338851864966507,-4.069993316894892,-4.276792861110879
agree,13,30,0.004571240374493974,-5.5549739536239695,-7.316111424448966,-6.723435877926195
agree,14,18,0.1887920463971644,-3.873985786118383,-4.267111256486264,-4.244262023765076
agree,14,19,0.2332682179053582,-4.517118209865873,-4.252826910579339,-4.680148787781341
agree,14,20,0.2898296317598916,-4.104587328000551,-3.6746118629907905,-4.2894841750250015
agree,14,21,0.2791288035034041,-4.040026138813539,-4.054886801233363,-4.395790634392063
agree,14,22,0.2402147204333674,-4.482520708674916,-3.4573193791435295,-4.095878074032686
agree,14,23,0.25023578799455065,-4.47747160657158,-3.7207887699062363,-4.2175072458578455
agree,14,24,0.0005099851948045186,-9.397615152162455,-8.723955848135269,-9.270479095040479
agree,14,25,0.0029482632533405144,-8.034768053379182,-7.471327302606034,-8.120068718567042
agree,14,26,0.011765253846777136,-7.924938163309689,-7.372943804261681,-7.867273355942007
agree,14,27,0.017465265735769217,-7.230695553165918,-6.724322293252862,-7.38529766173425
agree,14,28,0.05177516866803233,-6.254004996187312,-5.762064134702843,-6.533771961595853
agree,14,29,0.16639414452386828,-4.474089750856568,-3.9523755628855715,-4.845028835958057
agree,14,30,0.042022791597393014,-4.9508593290232215,-4.561401580606199,-4.959819674243813
agree,15,18,0.20316014310859984,-2.824479614391326,-5.631884939719066,-5.018018337697517
agree,15,19,0.2829553698794945,-1.1708357768672806,-5.289923949033083,-3.809848875130217
agree,15,20,0.2945890697932173,-0.7643296778159999,-4.869050920723914,-3.860203478438863
agree,15,21,0.29971569913103674,-0.9061751629293986,-4.5703366189541335,-3.6242272373951403
agree,15,22,0.1335148904636298,-0.9010892683597022,-4.814533194630695,-3.4079756777088015
agree,15,23,0.1600084762371441,-0.2487779417883353,-5.476724165900624,-3.983879344444487
agree,15,24,0.2105491100069728,-0.3775871518395152,-5.212231291169613,-3.678087476537995
agree,15,25,0.21527843497544635,-0.35266914916173,-5.4114977787065595,-3.8367864004376155
agree,15,26,0.18443085316669497,-0.16102956379285074,-5.844759137082071,-3.696566362202392
agree,15,27,0.1612759407026008,-0.6774150793882552,-5.344461208518854,-3.6880747565948964
agree,15,28,0.09482105116396308,-1.1619838209013786,-4.966093474169892,-4.0972707138285855
agree,15,29,0.023185123890614483,-2.633172978215514,-5.194373876345037,-5.103930792399391
agree,15,30,0.031196153969179085,-3.5480666446095035,-4.851183706137265,-5.516533137016905
agree,16,18,0.3216705416658299,-3.2392288655749075,-4.551856187978529,-3.604778701540273
agree,16,19,0.21996281106062884,-4.4344169773658955,-5.281991436512773,-4.649599045103978
agree,16,20,0.28009568430717724,-3.74012789505728,-4.349382328673822,-3.8916563120841055
agree,16,21,0.283107201910116,-3.4846283382247085,-3.9815700726884073,-3.2215778190601077
agree,16,22,0.30052900138481203,-2.694420272841444,-3.6858624044695354,-1.869299118237971
agree,16,23,0.35405406251472493,-2.3361459833883886,-3.61734532945803,-1.927763525746853
agree,16,24,0.39384549327984447,-2.3160140578444217,-3.5575594517799454,-1.8162259330705615
agree,16,25,0.39074336778706065,-2.5523933282613385,-3.600953692349189,-1.646387392950322
agree,16,26,0.2682906335693629,-2.759057101919929,-3.788816570182445,-1.8980240219744404
agree,16,27,0.14381246466937936,-3.2445550787625885,-4.1598308691644466,-2.719321112274155
agree,16,28,0.22362507026769507,-3.117765132791633,-3.9820740848343776,-2.8077020730445956
agree,16,29,0.16968414560099712,-3.672792789648033,-3.8349519814861743,-3.3546771239774427
agree,16,30,0.18610935425000089,-3.6868197018775692,-3.7711702926450448,-3.2546255183514003
agree,17,18,0.2653312044673856,-1.7424246553134768,-4.841943658948796,-4.52780858205746
agree,17,19,0.27611183522460936,-0.6558541212131875,-4.253576850751048,-3.357773541773437
agree,17,20,0.24726346151871706,-0.6199494794849881,-4.451948503271701,-3.891871565394223
agree,17,21,0.2364292644364441,-1.6331974331625907,-5.048661811968807,-4.386285581110885
agree,17,22,0.2519836316548551,-1.514710959230939,-4.63839415252978,-3.3411008734708973
agree,17,23,0.27691237445217265,-0.7891416725697777,-4.92022849709561,-3.5445065417310255
agree,17,24,0.2899359007465622,-0.41986147335338836,-4.82832263869386,-3.2308441416285234
agree,17,25,0.25400498792650916,-0.6197655790991058,-5.303875555345122,-3.607021092425968
agree,17,26,0.26337675332261146,-0.35317066043853024,-5.210596525571234,-3.2894639240874968
agree,17,27,0.1951179587709395,-0.8251427767861285,-5.035741656082646,-3.4733337597536673
agree,17,28,0.13641417020598529,-2.345311459759128,-5.155848836346638,-4.393044566837371
agree,17,29,0.05044401862102972,-3.5504663453895864,-5.087258479300396,-5.410131346631439
agree,17,30,0.07628666126895006,-3.9779899002290513,-4.743798427435451,-5.337094234956815
agree,18,18,0.24425449652102071,-3.4560179279073378,-5.03010584159006,-4.530439075191954
agree,18,19,0.28836272821641656,-2.730358241216155,-4.596061718747526,-4.015206774948039
agree,18,20,0.3434121169114983,-2.0954220282366074,-3.133693292032293,-3.1761322553202542
agree,18,21,0.2864825329339195,-2.063525412107447,-2.868198386246562,-2.6013052721059355
agree,18,22,0.11195298599974161,-1.665140984734841,-4.09746477862831,-2.0633084195791738
agree,18,23,0.15732828871392143,-0.8615249731285224,-3.722332186199769,-2.246090111168636
agree,18,24,0.21858822354133398,-0.8662473710436485,-3.188829112539113,-2.2111348294253648
agree,18,25,0.21210520119376702,-0.8487424690389359,-2.9908999471827964,-2.035803754207174
agree,18,26,0.17455171429549352,-0.710463696540052,-3.4382507537205047,-2.2112679656830987
agree,18,27,0.12915447453024548,-0.9212778350001543,-3.2124505743644285,-2.2166010543670795
agree,18,28,0.05782362916560064,-1.626405240496837,-3.4600843034133457,-2.9668860424102954
agree,18,29,0.009982409026525278,-3.249230644094343,-3.9675227266208446,-4.446993929206899
agree,18,30,0.030051298522635498,-3.5839956049346844,-3.6848271293780397,-4.239170571909957
agree,19,18,0.030981147357873173,-6.430583900678568,-7.801607014673861,-7.503944939366013
agree,19,19,0.06791557470543201,-5.7450267097018495,-7.230976828950608,-6.773287994096565
agree,19,20,0.06893859843014759,-5.592436078558977,-6.920512074080805,-6.31192401669604
agree,19,21,0.1319861774074994,-4.550249855476635,-6.479931394542926,-5.339175200449786
agree,19,22,0.41073775191812567,-3.712015731481417,-4.784337601916764,-4.263037768895426
agree,19,23,0.12755621737565004,-4.746486253071884,-5.932524349298825,-5.227866369681373
agree,19,24,0.2629606978606202,-3.65557759498809,-4.892383004512466,-4.459377403610687
agree,19,25,0.23567384682485748,-3.67783451870271,-4.957031759201058,-4.465669750393117
agree,19,26,0.030082136105141006,-6.818562421077539,-8.632305352727604,-7.739914420835626
agree,19,27,0.039375790341386684,-5.186746902687203,-6.762560086802671,-6.15427436916627
agree,19,28,0.1654740934704069,-3.497392972102889,-4.673711342939853,-4.656097822021441
agree,19,29,0.06073906421218763,-4.2475080344183995,-5.139092559276697,-5.378720731469335
agree,19,30,0.0033392433872591336,-5.973125206882472,-7.658891141361254,-7.3145045913053925
kable_true,0,18,0.12238471592462201,-4.902089205093042,-6.991016295893187,-6.6600345710106135
kable_true,0,19,0.11489927782135473,-5.220219923792774,-6.999917063353795,-6.793757585489821
kable_true,0,20,0.15792303613914127,-4.147772843748841,-4.3550257539790405,-5.480472753696701
kable_true,0,21,0.2663123836990204,-3.5553230567424277,-4.106101165540933,-4.795578768926767
kable_true,0,22,0.32963902672431106,-3.5027029843853925,-3.957391870696929,-4.304533069240829
kable_true,0,23,0.20110663936490797,-3.5201689992349348,-4.01837490207488,-4.921864606597776
kable_true,0,24,0.20733372945001285,-3.5186249838272063,-4.372538238095984,-5.111153053428441
kable_true,0,25,0.27235883378005377,-3.1886497652215855,-3.9907653089474495,-4.564778304485306
kable_true,0,26,0.31976543449156863,-2.9672616355212353,-4.053777437745948,-4.296427950862085
kable_true,0,27,0.277519932884906,-1.2359957412642,-3.327483434223803,-3.5451736519276977
kable_true,0,28,0.1779955434253883,-2.0684753628861574,-2.6006588799071007,-4.180613503903089
kable_true,0,29,0.058856349911359254,-2.7414270585065785,-2.871600884878516,-4.898271047017273
kable_true,0,30,0.044168558585833344,-3.2331004356541584,-3.155763298534268,-4.891266560503834
kable_true,1,18,0.07995408806219309,-4.119293663526257,-5.833315475376916,-6.028189166618985
kable_true,1,19,0.08806885371470652,-4.89589045952038,-5.876973678456786,-6.810777755279592
kable_true,1,20,0.24793529570300543,-2.852709966905254,-2.2196509417934447,-4.448550144592644
kable_true,1,21,0.3008631815538401,-2.5126908985178886,-1.8273978119480878,-3.8283949474784382
kable_true,1,22,0.0565994006509697,-3.6852634220056566,-2.328272480602889,-4.225465009580648
kable_true,1,23,0.10378474518665189,-3.7324723940844624,-0.7036132408512109,-4.120966389782404
kable_true,1,24,0.06572330903766059,-3.96911629044509,-0.0751493625754709,-4.646404924330647
kable_true,1,25,0.1063386267316771,-4.159943382059506,-0.16686501763767514,-4.6414029438329445
kable_true,1,26,0.12858363138945736,-4.060338277582316,-0.21830631449288332,-4.4645185798623475
kable_true,1,27,0.11708936513803582,-4.372396506555479,-0.8418519477051372,-5.006743754507911
kable_true,1,28,0.04146827169539183,-4.863614645104881,-1.1907404082108357,-5.648929843465241
kable_true,1,29,0.012403860979742854,-5.55989835243692,-1.8558044307765944,-6.41838979684839
kable_true,1,30,0.01874691827209393,-5.205342030030819,-2.024138607739987,-5.947557469221898
kable_true,2,18,0.1506564119634578,-5.20751024290937,-5.3461639597334925,-5.810535701851132
kable_true,2,19,0.14606981217457177,-5.933029923449673,-5.515563634606467,-6.584941042845006
kable_true,2,20,0.3036228740937294,-4.658652851898041,-2.7065238247626504,-5.2170529881749665
kable_true,2,21,0.34911141267956475,-4.37704425956475,-2.2156020793370406,-4.8500780644706225
kable_true,2,22,0.3012710610020474,-4.490068137897504,-1.3442646729809253,-4.742009896684482
kable_true,2,23,0.19614308887479306,-4.704836466753912,-0.16461895962227424,-5.088340859754674
kable_true,2,24,0.12870427557407202,-5.06045105897611,-0.08892717338094229,-5.478921228671476
kable_true,2,25,0.1376182321795752,-5.14190667203912,-0.09591996216473507,-5.54722875383769
kable_true,2,26,0.22227729469970575,-5.065290506200702,-0.24311278143416848,-5.4799855768639585
kable_true,2,27,0.14439748148664505,-5.076420198506902,-0.1670599528136185,-5.617292714467594
kable_true,2,28,0.09166278754836703,-5.632124546495312,-0.32635043859668805,-6.209887165382664
kable_true,2,29,0.04455912158231162,-6.283294228265152,-0.8842482667311102,-6.887898115197713
kable_true,2,30,0.03916946594659606,-5.939645255924219,-1.340633953853431,-6.508009016925877
kable_true,3,18,0.04330436256550509,-8.19574634737532,-8.28517492682205,-8.784466340935854
kable_true,3,19,0.042106159108834314,-8.516038859017534,-8.513024499387782,-9.212422810655884
kable_true,3,20,0.20412435615200686,-5.350664632972397,-4.612033785941432,-6.061717961357738
kable_true,3,21,0.26729425386139744,-4.542524658494032,-4.1229321345633,-5.180901411508035
kable_true,3,22,0.21390540205032166,-4.166472362183269,-2.627774627992764,-4.3821891082534785
kable_true,3,23,0.15296956172235165,-3.95867280871972,-1.1610421376596973,-4.189954390038231
kable_true,3,24,0.17796157266389162,-4.045578173827855,-1.095746310145977,-4.303215063924432
kable_true,3,25,0.0991352898927367,-4.659182656047522,-1.277700507683943,-4.709478218629896
kable_true,3,26,0.14396871097974334,-4.2494339921706805,-1.2764116955423357,-4.386777673473352
kable_true,3,27,0.017597419435092944,-5.083556193420414,-2.0713312968840865,-5.23918756348017
kable_true,3,28,0.004027921407456255,-5.9687710263557,-2.7156301003669374,-6.393243855113491
kable_true,3,29,0.0010822414224086652,-6.81152060866872,-3.420214691896446,-7.279980575690873
kable_true,3,30,0.0031298188006221726,-6.197701864294444,-3.3674164396079953,-6.437088399117603
kable_true,4,18,0.2885893151148513,-4.523224204441982,-5.670063434419547,-4.546898333622497
kable_true,4,19,0.26540000965380683,-5.309932501853376,-6.208438609683272,-5.459035848645337
kable_true,4,20,0.37380896237349887,-4.27752048593268,-3.900207701619511,-4.674860764459695
kable_true,4,21,0.40477452060649877,-4.1339407906498655,-3.668443695004819,-4.520125359889355
kable_true,4,22,0.34894359327926716,-4.336415315677017,-3.3829733316877566,-4.601140919219275
kable_true,4,23,0.3762657201679287,-4.264462904804458,-3.73239508929266,-4.883647926030538
kable_true,4,24,0.16330309311548197,-5.435819690657533,-5.12123058732931,-5.791996520805453
kable_true,4,25,0.11627453707887128,-6.944553598951252,-6.667187570918646,-7.159249987495787
kable_true,4,26,0.13186712620209617,-6.95846289260705,-6.770365530602544,-6.928011488781911
kable_true,4,27,0.1449568858851439,-5.860167304851565,-5.392097260704585,-5.964662107861821
kable_true,4,28,0.14043906249389812,-5.5019060263947805,-4.655390766925438,-5.791643757991262
kable_true,4,29,0.09484976317480998,-5.379026882881632,-4.396608885546524,-5.54818614742788
kable_true,4,30,0.178278940184857,-4.522108618055192,-3.915391284397923,-4.881295791785915
kable_true,5,18,0.2159645675875963,-5.698726296874656,-6.003900159327671,-5.782652787941808
kable_true,5,19,0.15712285197320947,-6.233728408679368,-6.135752985646681,-6.20055117981095
kable_true,5,20,0.3318219072494995,-5.304796782063098,-4.647662472614885,-5.142731097015184
kable_true,5,21,0.321971173308815,-4.923550690054409,-4.587263223855413,-4.884878539727991
kable_true,5,22,0.3118129751878048,-4.921484043241022,-4.014697576183729,-4.615349014196867
kable_true,5,23,0.2880105646555679,-4.981747851503011,-3.7631049848919442,-4.845062038621966
kable_true,5,24,0.04811598506239541,-6.62273494496707,-5.446306402607399,-6.679772490285975
kable_true,5,25,0.04053128804061382,-6.584936296348385,-5.502352313479238,-6.647765562412171
kable_true,5,26,0.01017808996909981,-9.766187938421714,-9.506322340431002,-10.022066028119161
kable_true,5,27,0.010944255392233405,-8.534453980399531,-8.035372437076253,-8.728361398497732
kable_true,5,28,0.010185812559584114,-8.274700356650374,-7.12821398568767,-8.62209662898783
kable_true,5,29,0.01331940299039117,-7.370006457672539,-6.076715397753638,-7.637678241969366
kable_true,5,30,0.016978813307677906,-6.096848462213781,-4.864324011373289,-6.29447036412582
kable_true,6,18,0.07096923908365137,-7.700209896463027,-7.547987329676903,-7.041571485877814
kable_true,6,19,0.05790391147935234,-8.618532631766008,-8.104767630929947,-8.157059936537411
kable_true,6,20,0.18743267854672085,-6.3336170320382426,-4.353564711604065,-5.6840708192570695
kable_true,6,21,0.22773914060266678,-5.713363002184824,-3.95698957859611,-5.129773539297399
kable_true,6,22,0.2694978431163344,-5.179658330873067,-2.6900999378378665,-4.167827733961806
kable_true,6,23,0.34632296974378735,-4.263986266115763,-1.6229585168235408,-4.044587993221573
kable_true,6,24,0.3222127495658536,-4.476724833558908,-1.4156211061932478,-4.190434865127361
kable_true,6,25,0.27995062723633446,-4.869378537455016,-1.5787156003377478,-4.329889367825704
kable_true,6,26,0.32402329519102224,-4.567615131531762,-1.370955579402374,-4.062709828234624
kable_true,6,27,0.19408375060483285,-4.795685947175937,-1.55135908009883,-4.705227634679009
kable_true,6,28,0.0858789295344507,-5.394683904163535,-1.7532235571203776,-5.492258511181717
kable_true,6,29,0.031664830524579045,-5.760917892871239,-2.09564700783671,-5.97370633472127
kable_true,6,30,0.047423269415672945,-5.483309405646192,-2.496452277268486,-5.574743298203241
kable_true,7,18,0.12329861577522482,-6.0106706479577765,-6.409747014562017,-6.338262849797829
kable_true,7,19,0.14945802137971098,-6.256842475613509,-6.298087174369142,-6.623479181659619
kable_true,7,20,0.2112443206813758,-5.3864655505280155,-3.3699834555511554,-5.507049945229627
kable_true,7,21,0.32050783957417517,-4.499167591472309,-3.2973777070656958,-4.888363237991789
kable_true,7,22,0.3098492348630507,-4.44008439792228,-2.570376335209068,-4.9126399858334375
kable_true,7,23,0.357909302516621,-3.6588249986856494,-2.104577903484901,-4.686900933407833
kable_true,7,24,0.20538154302267175,-4.345622291021996,-2.7198330813780487,-5.421007837692583
kable_true,7,25,0.1972323603825573,-4.93385782094221,-3.2117698621626776,-5.792090576082163
kable_true,7,26,0.1467868159561383,-5.37597888641491,-3.9241404350886464,-6.1537269309160925
kable_true,7,27,0.30306828701790606,-4.151276585915485,-1.864323476433406,-5.141972365819695
kable_true,7,28,0.08419638842555437,-5.1003063315386195,-2.081765586674233,-6.12955701859119
kable_true,7,29,0.06202586514216855,-5.627922096437327,-2.737163987747152,-6.725009132274973
kable_true,7,30,0.07044872353005792,-5.1633130706192105,-2.086427265568688,-6.044300313966418
kable_true,8,18,0.15758580435933464,-5.135322538468859,-6.36365177832747,-6.307925322897387
kable_true,8,19,0.11409186767140966,-5.551444543353717,-6.721877573116966,-6.713985147601117
kable_true,8,20,0.21976236437527796,-3.9375599472555836,-3.8807849354732196,-4.957596954342426
kable_true,8,21,0.2181964274254059,-4.089224794883277,-3.904394560902939,-4.744959419478622
kable_true,8,22,0.094868504671195,-3.9500888082535806,-3.0871300495837226,-3.8613151088609126
kable_true,8,23,0.042854216388763335,-3.2844744521349467,-2.2544676976578906,-3.6916100436592565
kable_true,8,24,0.07316046355717916,-2.9660241196436203,-1.4693000972788797,-3.4221558735334203
kable_true,8,25,0.04769797676143113,-3.4690297546079254,-1.3949358499497029,-3.676391967873332
kable_true,8,26,0.04376104379551782,-3.131779780001464,-1.657437398037424,-3.4614274199130564
kable_true,8,27,0.009883386415921099,-3.7646889037015625,-2.2846874058726034,-4.307059272264587
kable_true,8,28,0.00591255945859361,-4.414886800068162,-2.499885481045977,-5.2823113065284275
kable_true,8,29,0.002132007900396464,-5.440440854588352,-3.149293912855054,-6.420894201230683
kable_true,8,30,0.007626798214825706,-4.71939084228756,-2.773407679506704,-5.580852737338434
kable_true,9,18,0.16275823664761274,-6.922952240186362,-7.884296387408825,-7.538589123288534
kable_true,9,19,0.1339242381396645,-7.638724777632805,-8.408202256524737,-8.406491676455191
kable_true,9,20,0.23999245185207205,-6.033321401454111,-6.020810427771581,-6.7131095187754815
kable_true,9,21,0.21650662194745507,-5.58445291271884,-5.416634025942223,-6.245865904567021
kable_true,9,22,0.1541523104017935,-6.466892681848094,-5.520960779428111,-6.746121983007764
kable_true,9,23,0.16096306423146042,-5.787445908533807,-4.359755738711159,-6.392926402998913
kable_true,9,24,0.18490289321133352,-5.610941122069318,-3.6119504162334737,-6.178220983861457
kable_true,9,25,0.19070707610458598,-5.623448863114686,-3.495614611760237,-6.110274165690876
kable_true,9,26,0.011017363301870997,-8.750959154751788,-6.725115599659903,-9.231193195842302
kable_true,9,27,0.008179370075984006,-7.224338724762895,-5.021920982496153,-7.82215240473504
kable_true,9,28,0.0025849707294807157,-8.296431414065829,-5.645427728437666,-8.814949353288442
kable_true,9,29,0.0042819680047674665,-7.495431890143598,-4.697812955910743,-8.055018193112803
kable_true,9,30,0.03265278951412265,-6.146130855297105,-3.627366786141593,-6.712789883181903
kable_true,10,18,0.12930530854979477,-4.408178286872246,-4.895039558135457,-5.165080342887089
kable_true,10,19,0.15133723784365646,-4.445549258117416,-4.285476854988215,-5.028188619567956
kable_true,10,20,0.31850878501148105,-3.636666839687789,-3.176725350533686,-4.075623743953493
kable_true,10,21,0.31175691383507503,-3.865297610416708,-3.5972012728121188,-4.083765137139026
kable_true,10,22,0.09634013917100276,-5.527443808816526,-4.899146909471867,-5.536983995005342
kable_true,10,23,0.09784641617052887,-5.520882497361742,-4.521084386939615,-5.491022906862972
kable_true,10,24,0.00039284327034899973,-10.269643995833562,-9.191265143582998,-10.245804250424817
kable_true,10,25,0.011791113369246941,-8.937153592532226,-8.13470214632141,-8.873804484635532
kable_true,10,26,0.05232352777091463,-9.238730711517919,-8.550890234842699,-9.028473833273285
kable_true,10,27,0.002233446969299902,-9.877984202803678,-9.41933959471069,-10.031035359181462
kable_true,10,28,0.002495639142256885,-8.762797624843364,-8.081451021769556,-9.053642320389867
kable_true,10,29,0.012706541424304078,-6.031216253724136,-5.64545426649146,-6.346372514720096
kable_true,10,30,0.06742146326208094,-4.626112990563143,-4.504929514004565,-4.997391452716109
kable_true,11,18,0.029433601640884814,-5.929753659117379,-6.845167357370617,-7.436570039517543
kable_true,11,19,0.03688812299249902,-5.969192343017698,-6.907567005738116,-7.561152638011302
kable_true,11,20,0.22346563799890823,-3.645205080178135,-3.3608696216342766,-5.072701790059338
kable_true,11,21,0.23833387260516925,-3.112647721391976,-3.0199225718693232,-4.315198886546186
kable_true,11,22,0.016101511194831563,-4.794392595245549,-3.2676592522625514,-5.311678057474124
kable_true,11,23,0.008784684783103715,-4.530248577822888,-2.7726587560420977,-5.601095469459207
kable_true,11,24,0.026862725118850968,-3.60368923635907,-1.972015875925521,-4.931653233717476
kable_true,11,25,0.013842944964579816,-4.04960519527023,-2.0711708325123763,-5.175397064041675
kable_true,11,26,0.014376278722882064,-3.630249380323876,-2.125419466582574,-4.764735009920553
kable_true,11,27,0.006223791370623397,-3.9368059719047546,-2.662453850163576,-5.151175074025117
kable_true,11,28,0.0034582601061018937,-4.823022247114092,-2.9329475421163966,-6.188593566122696
kable_true,11,29,0.0016129434812917377,-5.6379678108097195,-3.4205161840560914,-7.007170895351219
kable_true,11,30,0.007705224851739999,-5.367496930564474,-3.2086408444380377,-6.435400748980305
kable_true,12,18,0.07247822702671498,-5.12666185723966,-6.2982520786139835,-6.415794017967213
kable_true,12,19,0.08200600362480368,-5.099733659333559,-5.9994324380546145,-6.737099513434432
kable_true,12,20,0.21400155657862577,-3.41420631058382,-2.332448722920999,-4.712515811929692
kable_true,12,21,0.19141666197693308,-3.4291778085420384,-2.3730885810638007,-4.744157729206772
kable_true,12,22,0.01747293314775674,-5.000077984777799,-1.9669191553962027,-4.986528023687481
kable_true,12,23,0.05932850031299136,-4.356462288318828,-0.802140232412887,-4.7272668535122095
kable_true,12,24,0.101461836031023,-4.131101881998997,-0.21722214385655728,-4.574780025652043
kable_true,12,25,0.10238813424994604,-4.577172613572171,-0.5983279399025754,-4.9527381886953155
kable_true,12,26,0.05205168970698907,-4.998621987145075,-1.263937779510868,-5.290523986809238
kable_true,12,27,0.07567858943629009,-4.758886176824373,-1.3917890284846655,-5.35237921475218
kable_true,12,28,0.03875268836601651,-5.7150485596244325,-2.4612249848693737,-6.4648155607771125
kable_true,12,29,0.059614387302010456,-5.311531830533882,-2.1456590022644795,-6.113051517401751
kable_true,12,30,0.06314350799353864,-5.204394954786665,-2.3102339369820357,-5.617144404325683
kable_true,13,18,0.17649033161075656,-5.349457215505194,-6.294138276191315,-5.929069641853338
kable_true,13,19,0.20081138162769638,-5.242183009198745,-5.5799487411019495,-5.556584618911032
kable_true,13,20,0.24991627091127588,-4.474154004684335,-3.824801655745064,-4.862651313524729
kable_true,13,21,0.370434456628082,-3.5083772685582764,-2.857920268145178,-4.23588729117936
kable_true,13,22,0.2662635579265642,-4.1312688769188695,-2.18583883950952,-4.591578355930586
kable_true,13,23,0.3457741404241499,-3.820677731217698,-1.4467612254517683,-4.425062752036234
kable_true,13,24,0.13818712727952043,-4.919455631834999,-2.32441375877489,-5.4152171448115505
kable_true,13,25,0.10298377412737468,-5.775062456943277,-3.505871955550367,-6.30936363879199
kable_true,13,26,0.0997643247560434,-5.591461992785652,-3.4389553154587147,-6.218409628246375
kable_true,13,27,0.00808156619043917,-9.507766786770055,-8.05606437053024,-10.42381146329888
kable_true,13,28,0.006716394401807013,-8.668659461203703,-6.680883692904124,-9.645411014059306
kable_true,13,29,0.0032522550868496996,-7.244882166637044,-5.510484329014316,-8.204373838066676
kable_true,13,30,0.008777437807271016,-5.528753637420414,-3.9951098137804126,-6.508679804367782
kable_true,14,18,0.07696773665191675,-5.942742714600434,-6.0564645687976055,-6.840345082257695
kable_true,14,19,0.08144881596243637,-6.232872629890609,-6.060499994034186,-7.360049872894789
kable_true,14,20,0.295569039896053,-4.2355252506975605,-2.4736005714602034,-5.000558010178329
kable_true,14,21,0.32102406080128,-3.804548834360439,-2.443836171438885,-4.6363737170069985
kable_true,14,22,0.14354722403441678,-4.632259564789304,-2.1683583714120713,-4.900355442432157
kable_true,14,23,0.10666225101436444,-3.56239146153134,-2.121406849982042,-4.567040095862993
kable_true,14,24,0.05688220724042936,-3.7113969930063093,-2.3782842936961206,-4.665726885048883
kable_true,14,25,0.07298867610324347,-4.235458323802888,-2.794415355218933,-5.09227016711882
kable_true,14,26,0.11133666618134538,-4.184123970839112,-2.751541192487209,-5.003071570019431
kable_true,14,27,0.06217489506477958,-4.426739727522861,-2.323178440827251,-5.361849610233766
kable_true,14,28,0.06711310183141632,-4.818647687655343,-2.1825815617706565,-5.801491939878611
kable_true,14,29,0.011248285310900694,-5.348422232599806,-2.7789759239254854,-6.408441745867326
kable_true,14,30,0.04370482410449292,-4.752137092549912,-2.5662476414048676,-5.419759842961835
kable_true,15,18,0.2834360081733706,-4.00187147572718,-5.63083872862161,-4.551260137460155
kable_true,15,19,0.2052949271771156,-5.112516753821179,-6.1646520737725545,-5.744415802934338
kable_true,15,20,0.24921647322444482,-4.368479201851508,-3.6957091892712306,-4.893347406125812
kable_true,15,21,0.34644273107245355,-4.158735939818144,-3.4775883287064193,-4.592059257799758
kable_true,15,22,0.27987884720921724,-4.432219485891868,-2.847425421759848,-5.011728667082524
kable_true,15,23,0.43582260667816286,-3.465930155901754,-2.0418732504767463,-4.815777459463948
kable_true,15,24,0.4194190663849386,-4.039218787300954,-2.441571759641157,-5.1142620688869105
kable_true,15,25,0.25569867029362514,-5.168432322654036,-3.421719009761494,-5.88317171171668
kable_true,15,26,0.15072357618936602,-6.1100083991837435,-4.466938095327982,-6.786825929303888
kable_true,15,27,0.15620248424315786,-5.470936863410482,-3.799697452252489,-6.20514918594009
kable_true,15,28,0.20034458114118697,-5.521780918303992,-3.2911848103474,-6.284608899830471
kable_true,15,29,0.20020994560904062,-5.005689877408232,-2.725663780951262,-5.63341006439528
kable_true,15,30,0.21934250879420406,-4.955242328216446,-2.8914045795073466,-5.169070218590341
kable_true,16,18,0.038415461384340044,-6.287532397107786,-6.488043866373905,-7.197804163208199
kable_true,16,19,0.023969119165403667,-7.219960442089659,-7.063951357189863,-8.131581155981573
kable_true,16,20,0.19401792025910772,-4.47265074599826,-2.7860587798268845,-5.393302160730634
kable_true,16,21,0.21219774752819462,-4.258831839121431,-2.4743904649321733,-5.261809306126355
kable_true,16,22,0.05908184763424884,-9.06122420106408,-6.299130234618571,-9.402465194249714
kable_true,16,23,0.056825541323300054,-7.822508808474843,-3.482651373323728,-8.189354420788867
kable_true,16,24,0.061457920071993966,-7.020324478887263,-2.7072916084493492,-7.075298829457119
kable_true,16,25,0.08286758466419751,-7.130058923095941,-2.403294295570923,-7.0563295329260685
kable_true,16,26,0.08001416544986253,-7.206889631186654,-2.652629186627908,-7.221899286598771
kable_true,16,27,0.015065612887377868,-8.354644295146612,-3.975746941725041,-8.702726670214382
kable_true,16,28,0.04691098265529514,-6.541381591335279,-2.6082468024653394,-6.94866967866411
kable_true,16,29,0.08079984966646624,-5.496459506267566,-1.745316774011827,-5.945067079499682
kable_true,16,30,0.04052185971485946,-5.202522467181086,-2.2688415748257684,-5.588449636923089
kable_true,17,18,0.06421674415032519,-4.287424425473068,-6.2260688629658505,-6.224112452465677
kable_true,17,19,0.047784055216409944,-5.2618325113827185,-6.733217539864365,-7.1888442387531075
kable_true,17,20,0.257725131775764,-2.8382269217410587,-3.055612648747427,-4.728215308067397
kable_true,17,21,0.25700262933703993,-2.4488703877243663,-2.5955060313338354,-4.11607085251226
kable_true,17,22,0.0858354104939458,-2.9676692312919855,-2.9959518748687977,-4.0792974445372
kable_true,17,23,0.0619364711792527,-2.7501332434116565,-1.7426802542871875,-4.160050396811332
kable_true,17,24,0.19054255781783497,-2.055924011104366,-0.6597886025433753,-3.7269551088753694
kable_true,17,25,0.1384627510681382,-2.2931042073104773,-0.597726627123559,-3.9002503942034377
kable_true,17,26,0.13257532061669833,-1.9097730588024013,-0.7927576201145254,-3.5095509023290243
kable_true,17,27,0.02504073595326294,-2.8371036435945958,-1.5412733520336446,-4.5304841734970696
kable_true,17,28,0.011200407169150077,-3.7985774672748978,-1.8543220972319507,-5.497768353495374
kable_true,17,29,0.0033517979946925502,-4.940708347284605,-2.553350973212067,-6.676485433769513
kable_true,17,30,0.006833295445134599,-4.887542278465597,-2.4474026067974535,-6.192560916764742
kable_true,18,18,0.08831521850563974,-5.515477258522002,-6.610208831700638,-6.4106369806524794
kable_true,18,19,0.10542227023843498,-6.012486028504858,-6.637785484400324,-6.789784308740261
kable_true,18,20,0.2611715327034218,-4.1548452932384325,-3.1642293310250067,-4.959999969852437
kable_true,18,21,0.33046465057632407,-3.591780030842855,-3.0955334761098414,-4.336924076737888
kable_true,18,22,0.23875843035379496,-3.4985611177941784,-2.531455840166959,-4.324694185390529
kable_true,18,23,0.2557574377917623,-3.279334506173599,-1.6966115038360663,-4.426863242687471
kable_true,18,24,0.27177770344821356,-3.4339527985967617,-1.9053299325807436,-4.587296147880734
kable_true,18,25,0.21437669358665604,-3.9029228990881792,-2.0921869066279593,-4.7994911359057895
kable_true,18,26,0.03437327663534896,-5.158569511249572,-3.2547881604591895,-5.974997086999961
kable_true,18,27,0.025534305207906494,-5.302822715312707,-3.3352904019724146,-6.216796925625272
kable_true,18,28,0.04439751096243445,-5.178512893893294,-2.5722014503165997,-6.245543328947188
kable_true,18,29,0.015819455512741155,-5.924439591793528,-3.3823580961141055,-7.022116371214689
kable_true,18,30,0.029147316407062862,-5.259770790692827,-3.013564117017072,-6.108453489642583
kable_true,19,18,0.054488184997774775,-5.0987537244159045,-5.775239272238847,-6.167970381203417
kable_true,19,19,0.051416369293179456,-5.825545683459361,-6.11633416745205,-7.004711949562767
kable_true,19,20,0.1375553958670667,-4.325024994690359,-3.130928087574699,-5.3814137348013205
kable_true,19,21,0.26084827307862624,-3.5645734614099607,-2.2085523867416152,-4.724724627241106
kable_true,19,22,0.1628027057178883,-3.921413889954738,-1.0940188214174649,-4.565200019109047
kable_true,19,23,0.08002447183343524,-4.007737142742067,-0.1312679162868685,-4.91862721623094
kable_true,19,24,0.02895766791362557,-4.554182602194692,-0.019282012579239043,-5.590903541404332
kable_true,19,25,0.09694664201510209,-4.497671721165706,-0.12935974103286174,-5.606593266752632
kable_true,19,26,0.14292405248615936,-4.192527764903628,-0.23957227721574437,-5.540128597499777
kable_true,19,27,0.04105278241275887,-4.811532697284532,-0.048868781250998986,-5.892963808856453
kable_true,19,28,0.05951160655596246,-5.399008324976201,-0.4260656256297975,-6.429742951249557
kable_true,19,29,0.026361649189580075,-5.865918710192201,-1.0713319165986221,-6.994501782258239
kable_true,19,30,0.014435619597572726,-5.591175955320844,-1.6416043673389578,-6.531580471356239
